Cancer,Day,Doctor,Pr_rate
8.139081,1,a,3
7.947861,2,a,3
9.283638,3,a,3
7.779489,4,a,2
5.803512,5,a,3
6.13172,6,a,2
6.122911,7,a,3
7.542655,8,a,0
6.428387,9,a,2
6.219345,10,a,1
9.17015,1,b,2
8.253626,2,b,3
10.346381,3,b,2
8.807318,4,b,1
6.09285,5,b,1
8.510823,6,b,3
7.086676,7,b,2
6.241644,8,b,3
6.841493,9,b,0
5.783463,10,b,2
13.697234,1,c,9
13.551086,2,c,7
12.239432,3,c,6
14.513912,4,c,2
13.579498,5,c,2
12.037988,6,c,4
14.17994,7,c,3
13.102589,8,c,4
12.131053,9,c,2
13.071251,10,c,2
